segment,GC content,file name
TMAMAGMATMACGTAMTACMTATACTCATMGCMCGTGTMTGTAGMCTACACMTMGTGCMCGTCGAMATGCACMGATGTMACAMGAGCATCGMATCGACAT,0.55,program.py
TCTGMAGTCATATMATCAMTCAGTCAMTCATCMCGCMCTACACGAGTGAGCACACTCTMCGTCGAMTGAMTCMCMCGTACGCATCATCGMATCGMACMCG,0.58,program.py
TMGATMCATMGATCTGMAGTCATATMATGMATGACGAGTGAGCMTMTGMCGMAGMATMATCATCGCAGMCGMAMAGMGMATATMAMAMATCGMATCMTMA,0.54,program.py
TMGCGCGATATGMCTATATGMGMATMATCTCMAMTGMGTMAMTCGCMGMAMTCGTMAGMGMCGMTCGMTCGACTGACTGMTMCGAGCTCGMATCGMTGTC,0.63,program.py
CTCATMATCATCGCAGMCGMTMCMTMGTGTCTGCGMTMCMTMGTGTMGMCGMTCTCMCACMGACGMGATCAGMCGCGTCGATCGATGTCGMATCGMTGTC,0.66,program.py
CAGACAMACACMAGMATMATCATCGTCGMGTMAGMACTCTGTCTGTMACACMTMGACACMAGCACTCGAMCMATACGMCACAGACAMTCGMATCGMTGTC,0.58,program.py
CTCGAGCTGCGTGCMATMATGCGCMGTGAMAMATACGMCATCTGMAGTGTMTGTACMGMACAMGAMAGAMTCGTCGAGCACTGACAMTCGMATCGMTGTC,0.6,program.py
CTCGAMCMAGMACATGAMAMAGMACAMCMGMATCTGMAGTGTGTGCGTGTAMTMGATMATGCMACTCMTMTCMCTGMCGMTMCMTMGATCGMATCGACAT,0.6,program.py
CTCGAGCTGCGTGCMATMATGCMACTCMTMTCMCTGMAMTCGTMATACGMCACACACTCACAMGAGCMAGMACTGACTGMTMCMTMGMATCGMATCMTMA,0.61,program.py
CTCTCATCMCACMCTGAMATGTAMTATMTACGMCGMTMGMTMGCMCMGMAMTCGTMATACGMCATCTGMAGTGTCTGTATGTCMTATATCGMATCGACAT,0.55,program.py
CTCTCATCMTCMTACMTMACMGATGTGACTCACAMCMCGACTCACTMTGATMTMGCMGATGTCMTACGAGACGTMACAMGAGMCMCAGMATCGMATGAGM,0.59,program.py
CACMTMAMTACGMCACGCAGMAMTCGTMATACGMCATMATCATCGTCGMCGMTATMTMGCMGATGTCMTACGAGACMTAMTATMTACMATCGMATCMTMA,0.56,program.py
CAMACACMAGMATAMTCATCMGTATCTGMAGTCATCGTCGMCGMAGMATMATCATCGTCGMCGMAGMCMATGMCGTCTMCGTCGACAMATCGMATCMTMA,0.59,program.py
TMAGACMATMAGMCTCGTCGMCGTGMAMAGMCGTATCATCGTCACGAMAGMCGTATCATCGTCACGCMAGMCMTACGTATCATCGTCGMATCGMATGAGM,0.59,program.py
TMATCATCGTCGMCGMAGMATMATCATCGTCGMCGCGTCGMCGTGMGATMAGMCGMTMCMTATATMATCTGATMGACAMTGTGACTGMATCGMATCMTMA,0.58,program.py
CAGMTAGACAMACATACTMTGCMACAMGAMAMTMCMTMGTGTGATCTGMAGTCATCGTCGMCGMAGMATMATCATCGTCGMCGMAGMCGMATCGMACMCG,0.61,program.py
CMTCGTCATAGTCATCMTMGMCGTGMAMAGMCGTATCATCGTCACGAMAGMCGTATCATCGTCACGCMAGMCGTATCATCGTCACGMTCGMATCGMTGTC,0.59,program.py
TMAGACTGMCTCGMGATCAGMCGMAGMATMATCATCGTCGMCGMAGMATMATCATMTCGCGTCATAGTCATCMTMGMCGTGMTATMAGMATCGMATGAGM,0.58,program.py
TMGMAGMATMAGATACGTCATMGMAGMATMAGATCMAGMCGTATCATCGTCACMTCGTCACMGATMGMATACGMCATMATCATCGTCGMATCGMATGAGM,0.55,program.py
TMATCATCGTCGMCGMAGMATMAGATGCGTCATAGTCATCMTMGMCGTGMGATMAGMCTCGTCGMCGTGMACGTCATMGMAGMATMAGMATCGMATGAGM,0.6,program.py
CMTCGTCATMGMAGMATMAGATCTCATMTGCMAGCGMAMTCGTMAGMATMATCATCGTCGMCGMAGMATMATCATCGTCACGCMAGMCGMATCGMACMCG,0.61,program.py
TAGTCATCMTMGMCGTGMACGTCATMGMAGMATMAGACMATMAGMCTCGTCGMCGTGMAMAGMCGTATCATCGTCACGAMAGMCMTACGMATCGMACMCG,0.62,program.py
TCTGMAGTCATCGTCGMCGMAGMACTACGMGATCAGMAMTCGTMAGMATMATCATCGTCGAMACMGACMCGACTGMTMTGAMAGAGCATCGMATCGACAT,0.58,program.py
CATGAMAGAMCMTGCTGTCTGTAMTMTCMCMTCATCGCTGMCGMTAGCMCTMTACMTMGACATMTMTGAMAGMGTMAGMACAMCMGMATCGMATCGACAT,0.59,program.py
TMGTGTCACATGAMAMTMTGACTACTCACACMTATCMGMCGTMACAMCMGACMCTGAGMCMCMTGCGTCAMATMATGTCACATGAMAMATCGMATCMTMA,0.56,program.py
CACMAMGATACGMCACGTAGAMCACACACAGACAMACAMATMCGMGATCAGATMATGTGTGTAMTATMAGMACAMCMGACMCTGAGMCGMATCGMACMCG,0.58,program.py
CACMTATMAGMACAGACAMCGTCGAMAGAGMTGTAGAGAMTMTGMCATCTCATACMAMTMAGTGAMGATCTGMAGTCGCMATMCGTCGMATCGMATGAGM,0.56,program.py
TMATCATCGTCGAGATGTGACACATMATGAMGACTACAGACAMCMCACMGATGAMGACTATMCGAMAMTMTGAGCGAGAGMCTCGTCGMATCGMATGAGM,0.55,program.py
CTGTGTMTGCGTGCMACTGACATGAGCGACTACATMTMACMGMGAGACGCAGMCGMTATACTGMTATMAGMATAMTCATCGTCACGMTCGMATCGMTGTC,0.57,program.py
TMAGMCTCGTCGAGCACACMTMTGAGATGAMGAGCGAGCTGTGCMGMGMGTMAGMACATMTMGCMCTACAMATMATCTACGTCGACMATCGMATCGACAT,0.59,program.py
CTCACTGACACMAGCGMCGMTMGTGTGACACMTMTCMTAMTMGACAMGAGCACAGACTGMTMGCMGMCGCAGMCGMTMAGAGCTGTAMATCGMATCMTMA,0.63,program.py
CAMATMATCTACGTCGACMACTCACTGACACMAGTGMGTMATACGMCATMATCATCGTCGMCGMAGMATMATCATCGTCGAMAMTMTGMATCGMATGAGM,0.55,program.py
CAMACACATMGTGCMCMCACMGMCMGATGCMTGTCMTMGMTGCTGTCACATGAMAMTMTGMCGMAMGATMATGCMCMCACMGMCMGATCGMATCGMTGTC,0.66,program.py
CTGACATGAGCGACTACATMTMACMGMGAGACGMGATCAGMAMTCGTMAGMATMATCATCGTCGMCGMAGMATMATCATCMCACMCMCGMATCGMACMCG,0.61,program.py
TMATGCGCMCMTGTATGTGTCAMCMGAGAGTGAMAGAMTCMGACMCGACAMACMGCMCGTGTCMTATACACMAGMACAMCMCTACTGMATCGMATCMTMA,0.6,program.py
TMATGTMTGTAGMCGMTGTATMAGATCMAGMCGTATCATCGTCACGMGMCGTCAMATMATCATMTCMGMCGTCAMATMATCATMTGATCGMATCGMTGTC,0.54,program.py
TMAGMCTCGTCGMCGTGMGATMAGACTGMGTMATACGMCATMATCATCGTCGMCGMAGMATMATCATCGTCGMCGMAGMATMATCATCGMATCGMACMCG,0.61,program.py
CTCACATGAGTGAMAMTMTGMCGMTGAGAGMTGTATGCMTGTGACGACMGMCMGMCMCTACTCATMCGMCGTGATCMCTCMCMTGTCMATCGMATCMTMA,0.62,program.py
CTCTGTGATMATGTGACAMCMGMGAMTGAMAGAGACGTCGAMTCMCATGTGATMATGCMCMCACMGMCMGATGCMTGTCMTMGMAGMATCGMATCGACAT,0.6,program.py
CATMTMACMGMGAGACGTCGAGCMTACMTATACTGMAGMACATMTMTGMCGMTMCMTMGTCATCMTMGMCMGATCMAGAMAGCGMCGMATCGMATCMTMA,0.62,program.py
TMTACGMGMCMGMCTCGTCGMCMGATGCGTGCGTATCATCGTGCMTGMAGAMAGCGMCGMAGAMTCTGMCMGACTGMCGTCAGATCTGMATCGMATGAGM,0.66,program.py
TCAGMAMTCGTMAGMATMATCATCGTCGMCGMAGMATMATCATCMGMGAGACMCTCMCMCGTAGAMACMGACMCGACTGMTMTGAMAGMATCGMATGAGM,0.61,program.py
CAMCMCGACTCACTMTGAMGAGMGAGCTGTGMTMTGACTACAMACACMTMGTGTGCMGATGTMATMATCTACGTCGMGATCGCMATMCGMATCGMACMCG,0.61,program.py
TMATCATCGTCGMCGMAGMATMATCATCGTCGAMAMTMTGAGCGAGAGMCTMTMGTGTGACACMTMTCMTAMTMGMTMGCMCMGAMAMATCGMATCMTMA,0.59,program.py
TMATCTACGTCGAGCACACMTMTGAGATGAMGAGCGAGCTGTGCMGMGMAMTCGTMAGMATMATCATCGTCGMCGMAGMATMATCATCGMATCGMACMCG,0.6,program.py
CTCTGTGACAMACACATMGTGTAGAGACMCMTGTGMTGCTGTACMCTACAMCMCACMGATGTAMTATMAGMATAMTCATCMCTMTMTGMATCGMATGAGM,0.54,program.py
CACMTMTCMTAMTMGACAMGAGCACAGACTGMTMGCMGMCGMGATCAGMAMTCGTMAGMATMATCATCGTCGAGATGTGACACATMATCGMATCGMTGTC,0.58,program.py
CACMTMGTGTCTGTAMTMTCMCMTCAGMTATACACMTMGMTMTMAGCGMCGMTMTCMCACMCMGAGTGAMTCMCGACAMACMGCMGMGMATCGMATGAGM,0.65,program.py
CACMTMTACAMTGTGACAMCMGATGCGCGCAGMCGMTMGMTMCMTATACTGMAGCGMCGMTATCMCGACTGMTACGAGACMGMCMCTMATCGMATCMTMA,0.64,program.py
TAGTCATCMGMGAMTCMGMCGTCGMGCMAGMATMAGAGMCMCACMCTMTMACMGMCMGTGMCGTCAMATMATGCMGAGTGAMTCMCATCGMATCGMTGTC,0.66,program.py
CMGCMGMGAMTCMCMATAGTCATCMCGTGTAMTMGCMCTCGTCGMGCMAGMACMTCMGMCMGACMCMTCAMATMATGCGCMGATGTGMATCGMATCMTMA,0.67,program.py
CMGCMCTCMCMTGTAGAGAMTACGAGTCGCAGMCGMTMCMTMGTGCMATMATCTACGTCGMGMTCTCGMGMATMCMAGMATMGATAMCGMATCGMACMCG,0.66,program.py
TMATGTATGTMTGCGCMGATCTMCGMGATCAGMAMTCGTMAGMATMATCATCGTCGMCGMAGMATMATCATCMCGTGTCMTATACACMATCGMATCMTMA,0.55,program.py
CMGCMGMGAGACMCMGAGCMTMTGAGCACTGMTATATMATCTACGTCGACAMTGCMATACGMCATCTGMAGTCATCGTCGMCGMAGMATCGMATCGACAT,0.6,program.py
TMATCATCGTCGMCGMTMCMTMTMAGMACTCGAGMTGCMACTGMTMTGAMAGAGCATMATCTACGCTGMCGMAGMCMCGTGTMTGTAGMATCGMATGAGM,0.61,program.py
CATGAMAGAMCMAGMCGCAGMAMTCGTMAGMATMATCATCGTCGMCGMAGMATMATCATCGTCGMCGMAGMATMATGTCACAGACTGMATCGMATCMTMA,0.58,program.py
CMGCMGMGAGACMCMGAGCMTMTGAGCACTGMTATATMATCTACGTCGAMTCMGMTGTGMTMGATMCGAGATGTMTGTGCMCACMGATCGMATCGMTGTC,0.62,program.py
CATGAGCGACTACTCTGTGACACTGTACMCMTGTAGAMTCMGMGMCACGTCGAGTGAGAGMCGMTATACACMTMGMTMTMAGCACAMCGMATCGMACMCG,0.61,program.py
CACMTMTGAGATGAMGAGCMTMGCMCTMTMCMTACGAGCTGCGTCATCMCMTGTATGCGCMCMTCATCMCMACAGACACTGTMTGCMATCGMATCGACAT,0.61,program.py
CATGAGCGACTACTCTGTGACACTGTACMCMTGTAGAMTCMGMGMAMTCGTMATACGMCATMATCATCGTCGMCGMAGMATMATCATCGMATCGMACMCG,0.58,program.py
TMATCATCGTCGMCGMAGMACACACAMGAMAGMCGMTATACACMTMTACMGCMCACMCTMTMTCMCMTGCATCAMATMATGTCACAGATCGMATCGACAT,0.57,program.py
CTGMTGCTGCGCMCMTGTGCMCTGAGACMCTMTACGMCGMTMCMTMGTCATCMCMTGTAGAMTGAGCMTMTGAMAGAGMTGCMACACMATCGMATCMTMA,0.64,program.py
TMCGAGMCMCACMGATGAMGAMAMTMTGAGAMTMGACACMTMGTGCMACTCTCAGATAGTCGCMATMCGTCGMCGMAGMATMATCATCGMATCGMACMCG,0.62,program.py
TMATCATCGTCGMCGMAGMATMATCATCGTCGMCGMAGMATMATGTMTGTGTCATCMCTCMCMTGTAGMCATGTCACAGACTGMTGCTCGMATCGMTGTC,0.58,program.py
CTCTGTGACACTGTACMCMTGTAGAMTCGTMTCATCGTGATMATCTMATMATCATGMGCMAGMATATCGCAGMAMTCGTMAGMATMATCGMATCGMTGTC,0.53,program.py
TMATCATCGTCGMCGMAGMATMATCATCGTCGMCGMAGMATMATCATCGTCGMCGMAGMATMATCATCGTCGAMAGAGMTGTMTGCGCGMATCGMACMCG,0.61,program.py
CACMAGMACMTMTMACMCTCMGACMCMTGMTGAMAGAMAGAGCTGCGTCAGMAGMCMTCGAGCGAGACMCGACTCTGTGATMATGTGATCGMATCGACAT,0.61,program.py
CAMCMGMGAMTGAMAGAGACGTCGAMTCMCATGTGATMATGTATGTGACAMCMCMGAMTCMCATCATCMCTACACATMATGTCACAGATCGMATCGACAT,0.54,program.py
CTGMAGMACTCTGTGACTCMTACMTMTGAGCACATACACMAGMACATACATGAGCATMATGTCACACMAGMACACGAGTGAMTMTMCMATCGMATCMTMA,0.53,program.py
CACGAGACMCMATMATGTCACTMTCATCGCATCATGMCGTCAGATCTGMAGTCGCMATMCGTCGMCGMAGMATMATCATCGTCGMCGMATCGMATCMTMA,0.59,program.py
TMATCATCGTCGMCGMAGMATMATCATCGTCGMCGMTMCMTMTMAGMACAMACACMTMGTCAGMTMAGAGTGAMTCMTAMTATACACMATCGMATCMTMA,0.56,program.py
CACTGTACMCMTGTAGAMTCGTMTCATCGCTCGTCGMGMGMGMCGCAGMAMTCGTMAGMATMATCATCGTCGMCGMAGMATMATCATCGMATCGMACMCG,0.63,program.py
TMATCATCGTCGMCGMAGMATMATCATCGTCGMCGMAGMATMATCATCMGMCMCGACAGACTCTGTGATMATGACACATGAGCGAMTGMATCGMATGAGM,0.57,program.py
CACMTCMTGCGTGCGTGTAMTATMAGTCGTCACMATGTATGTGACATGAMAMTMTGMCGMTMTGAGCACTCTGCMTGCGTGTGATMATCGMATCGMTGTC,0.56,program.py
CTGMTMCGAGACGTCGAGCGAGACMCTMTMTACTGMTMCGMCGMTMGCMCMCGTCGAGMCMCACMGATCATCMGMGAGACMGMTGCMTCGMATCGMTGTC,0.7,program.py
CACMTMGTGTCTGTGATMATGTMTGCGCGTCGAGAMTATMTMTGAGMTGCMACACMTATMAGMACTGMTMCGAGMTGTAGMCGMTMGCGMATCGMACMCG,0.61,program.py
CTCATMATGTGACTCMTACMTMACMCTCGTCGAMTCMCTATMATCTCTCTCATMACGTCATMCMATACGMCATCTGMAGTCATCGTCGMATCGMATGAGM,0.54,program.py
TMATCATCGTCGMCGMAGMATMATCATCGTCGMCGMAGMATMATCATCGTCGMCGMTMAGAGMTGCGCMCMTGAMGAMAMTMTGAGAMATCGMATCMTMA,0.6,program.py
CAMTGTGACAMCMGATCATCGCTGMCGMTGTACMGATCTGMAGTCATCGTCGMCGMAGMATMATCATCGTCGMCGMAGMATMATCATCGMATCGMACMCG,0.61,program.py
TMATCATCGTCGMCGMAGMACTCMTACMTMACMGATGTGACTCACAMCMCGACTCACTMTGAMGAMTMTMACMCTCMGACMCMTGCGCGMATCGMACMCG,0.64,program.py
TMATCTACGTCGACAMTGCMATACGMCATCTGMAGTCATCGTCGMCGMAGMATMATCATCGTCGMCGMAGMATMATCATCGTCGMCGMATCGMATCMTMA,0.58,program.py
TMATCATCGTCGAGAGAGCTGCGTCATCMGMACAMGAMAMAGMACAGACAMCGTCGAMAGAGMTGTAGAGAMTMTGMCATCTCGMCTCGMATCGMACMCG,0.6,program.py
TMATGTATGTGACAMCGTMACATMTMCMTACGACTACTCTGTGACACTGTACMCMTGTAGAMTCGTMTCAMATMATCTMATMCMAMCATCGMATCGACAT,0.5,program.py
TCTGMAGTCATCGTCGMCGMAGMATMATCATCGTCGMCGMAGMATMATCATCGTCGMCGMAGMATMATCATCGTCGMCGMAGMATMATCGMATCGMTGTC,0.6,program.py
CACGAGACMCTMTMACMGMCMGTGACTACTGTGTCMTMGMTACMTMTGMCGMAMGATMATGTMTGTAGAMTCGTMATMAGMCGTCAMCGMATCGMACMCG,0.62,program.py
CAGTGTAMTMCMTMGTCAGMTMGMTMCMTATACTGMAGTCMCTGAGMTGCGMAGTCMGMGAMTCMGMCGTATCATCMCGTGTMTGCMATCGMATCGACAT,0.61,program.py
CMGCMGMGAGACMCMGAGCMTMTGAGCACTGMTGTACTCGAGCTGCGCGCAGMCGMTATCMCTACTCTCATCGTMGMCGMAMCGACTGMATCGMATGAGM,0.67,program.py
TMCMAGTGMCACGTATCATCGCGTCAGATCTGMAGTCATCGTCGMCGMAGMATMATCATCGTCGMCGMAGMATMATCATCGTCGMCGMATCGMATCMTMA,0.59,program.py
TMATCATCGTCGMCGMAGMATMATCATCMGMTGCMTGTCMTACGAGACMGMCMCTMTMACMGMCMGTGACTACATACAMGAGATGTGATCGMATCGACAT,0.58,program.py
TMATCTACGTCGAMAMTMTGAGCGAGAGMCTMTATGAMTGAGMTGCMACACMTATMTMGTGTCMTATMTAGACMGCMCGCMCTACACGMATCGMATGAGM,0.57,program.py
CACMAGCACACTGTGACTGMAGTCMCMACACMTMGTGTCMTATMTAGACMGCMGAGAGMTGTATGCMTGTGATMCMATACGMCATMATCGMATCGMTGTC,0.58,program.py
TMATCATCGTCGMCGMAGMATMATCATCGTCGMCGMAGMATMATCATCGTCGMCGMAGMATMATCATCGTCGMCGMTATGAMTGAGMTCGMATCGMTGTC,0.59,program.py
CTGMTMTGAMAGAGCACATGAMAGAMCMTGCTGCMCMCGACAMACTGACACMTATATMATCAGCGCTGMCGMTMGMTMCMTATACTGMATCGMATCMTMA,0.58,program.py
TMCGAGCMTMACMGMATMCGAGTGAGCACTGMAGCGMCGMTMGMTMCMTATACTGMAGTCMGMTGCMTGTCMTACGAGACMGMCMCTMATCGMATCMTMA,0.65,program.py
CATGAMAGAMCMTGCTGTCTGTAMTMTCMCMTCAGATMCMAGTGMAMTCGTMATACGMCATMATCATCGTCGMCGMAGMATMATCATCGMATCGMACMCG,0.58,program.py
TMATCATCGTCGMCGMAGMATMATCATCGTCGMCGMTMCMTMTMAGMACTGCMCACMGATGTMACMGCMGMGAMTCMCMATAGTCGCMATCGMATCMTMA,0.63,program.py
TCAGMCGMAGMATMATCATCGTCGMCGMAGMATMATCATCGTCGMCGMAGMATMATCATCGTCGMCGMAGMATMATCATCGTCGAMACGMATCGMACMCG,0.61,program.py
CTGACATGAMTCMCMTGCGTGTAGAGMTGCGTGCACMTAMTACACATGAGCGAMTGAGACMGMGMCGMAMGATMATGCGCMCMTGTATCGMATCGMTGTC,0.61,program.py
CACATMGTGCGCMGATGTCMTMGTGTGMTMACMGMCMCMACAGACTMCMCMTCAGMTATGAMTGAGMTGCMACACMTATMTMGTGTCMATCGMATCMTMA,0.61,program.py
CTCACTMTGAMGAMTMTMACMCTCMGACMCMTGCGCGTATCATCMGMGAMTCMCMACMGCMCTCMCMTGTAGAGAMTACGAGTCGCTGMATCGMATGAGM,0.64,program.py
CTCTGCMACACGACTACAMACACMTMGTGTGCMGATGTMATMCMATACGMCATCTGMAGTCATCGTCGMCGMAGMATMATCATCGTCGMATCGMATGAGM,0.58,program.py
TMATCATCGTCGMCGMAGMATMATCATCGTCGMCGMTATCMGMCMCMTGCMCMCACMCTACTGACTCTGAMGAGMCMCGACTCTGTGATCGMATCGACAT,0.62,program.py
TMATCTACGTCGAMAMTMTGAGCGAGAGMCTMTACACAGACTCACTGMTACMTMACMCTCMTAMTMAGAGMTGCGCMCMTCGCMATMCGMATCGMACMCG,0.61,program.py
TCTGMAGTCATCGTCGMCGMAGMATMATCATCGTCGMCGMAGMATMATCATCGTCGMCGMAGMATMATCATCMCMCMCTACTCATMATCGMATCGMTGTC,0.59,program.py
CTCMTACMTMACMGATGTGACTCACAMCMCGACTCACTMTGAMGAMTMTMACMCTCMGACMCMTCATCMCACMCTMAGMACTCMTACMATCGMATCMTMA,0.6,program.py
CATGAMTCMCMTGCGTGTAGAGMTGCGTGCACMTAMTACACATGAGCGAMTGAGACMGMGMGTMATACGMCATMATCATCGTCGMCGMATCGMATCMTMA,0.59,program.py
TMATCATCGTCGMCGMAGMATMATCATCGTCGMCGMAGMATMATCATCGTCGMCGMAGMATMATGTCTGCMTGCGTGCGTGTGACAMCGMATCGMACMCG,0.62,program.py
CTGMTGCTGTCACATGAMAMTMTGMCGMAMGATMATGCGCMCMTGTATGTGTCAMCMGMCMCTACTGMTMACMGATGTGACMGCMGMCGMATCGMACMCG,0.65,program.py
CTGACAMACACMAGCACACTGTGACTGMAGTCMGMACTCACACMTACACAGACAMGAMTGAMAMTGCTGTCACATGAMAMTMTGMCACGMATCGMACMCG,0.58,program.py
CMCTGCGACTGACATGAMTCMCMTGCGTGTAGAGMTGCGTGCACMTAMTACACATGAGCGAMTGAGACMTACGMGATCAGMCGMAGMATCGMATCGACAT,0.59,program.py
TMATCATCGTCGMCGMAGMATMATCATCGTCGMCGMAGMATMATCATCGTCGMCGMAGMATMATCATCGTCGAGMCMCGACTCTGTGATCGMATCGACAT,0.58,program.py
CMGCMGMGAGACMCMGAGCMTMTGAGCACTGMAGCACATGAMATGCGMTMTGAGCACACGMCATGTCTGCMTGCGTGCGTGTGACAMCGMATCGMACMCG,0.67,program.py
CTGMTGCTGTCACATGAMAMTMTGMCACGMGATCAGMCGMAGMATMATCATCGTCGMCGMAGMATMATCATCGTCGMCGMAGMATMATCGMATCGMTGTC,0.6,program.py
TMATCATCGTCGMCGMAGMATMATCATCMGMACTCACACMTACACAGACAMGAMTGAMAMTGCTGTCACATGAMAMTMTGMCGMAMGATCGMATCGACAT,0.55,program.py
TMATGTCTGCMTGCGTGCGTGTGACAMCMGATGAMGAGMCMCGACTCTGTGATCTGMAGTCGCMATMCGTCGMCGMAGMATMATCATCGMATCGMACMCG,0.63,program.py
TMATCATCGTCGMCGMAGMATMATCATCGTCGMCGMAGMATMATGTCACATGAMAMTMTGACTACTCTGTGACACTGTACMCMTGTAGMATCGMATGAGM,0.54,program.py
CTGMTATATMGTGTCMTATCMGMACACMTMGTGTGMAGTCGTCATMAGMCTMTMCACAMGAGTGAGCATMCGAGMCMCGACTCTGTGATCGMATCGACAT,0.57,program.py
CMGCMGMGAGACMCMGAGCMTMTGAGCACTGMAGTGMCACGMGATCAGMAMTCGTMAGMATMATCATCGTCGMCGMAGMATMATCATCGMATCGMACMCG,0.65,program.py
CACMTMGMTMCMTMTMAGMACTCGAGMTGCMACTGMTMTGAMAGAGCATMATCTACGCTGMCGMAGMCMCMACACMTMGTGTCMTATMATCGMATCMTMA,0.61,program.py
CTMTCATMAMCATCTGMAGTCATCGTCGMCGMAGMATMATCATCGTCGMCGMAGMATMATCATCGTCGAGATGTGACAMCMCGACTCATCGMATCGACAT,0.56,program.py
CTMTGAMGAMAMTMTGAGAMTMGACACMTMGTGCMACTCTCATCGCTGMCGMTACGAMACMCMACAMTCAGMTMTCMCACMCMGAGTGMATCGMATGAGM,0.62,program.py
CTGMTMACMCTCMTAMTATACACMTMTACAMTGTGACAMCMGATGCGCGTMTCATCMCACMCMCGTCGAMAMTMTGAGCGAGAGMCTMATCGMATCMTMA,0.59,program.py
CAMCMCMTGTGACACGACTACAMTGTAMTMGTGTMTGCMACAMGAMAGMCGMTMTGAGCGAMAMTMTGMCGMTMTCMCACMCMGAGTGMATCGMATGAGM,0.63,program.py
CTGMTMACMCTCMTAMTATACACMTMTACAMTGTGACAMCMGATGCGCGMGATCAGMAMTCGTMAGMATMATCATCGTCGMCGMAGMATCGMATCGACAT,0.57,program.py
TMATCATCGTCGMCGMAGMATMATGTGTGTAMTATMAGMACTGTGTCMTMGMTACMTMTGACTACAGACAMCMCMACACMTAGMAGCGMATCGMATGAGM,0.56,program.py
TMATGTGMTMTGAGCACATGAMAGAMCMTGCTGCGCMCMTGTGCMCTGAGACMCTMTACGMCGMTMCMTMGTCATCMCMTGTAGAMTGMATCGMATGAGM,0.62,program.py
CAMTGTGACTCACATGAMTCMCMTCAGMTMTCMCMTGTAGAGMTGCGTGCACMTAMTATACACMTMTACAMTGTGACAMCMGATGCGCGMATCGMACMCG,0.59,program.py
TMCMAMCATCTGMAGTCGCMATMCGTCGMCGMAGMATMATCATCGTCGMCGMAGMATMATCATCGTCGMCGMAGMATMATCATCGTCGMATCGMATGAGM,0.61,program.py
CATMTMACMGMGAGACMTAMTATACACMTMTACAMTGTGACAMCMGATCATCGCTGMCGMTGTACMGATCTGMAGTCATCGTCGMCGMATCGMATCMTMA,0.57,program.py
TMATCATCGTCGMCGMAGMATMATCATCGTCGMCGMAGMATMATCATCGTCGAMACMGACMCGACTGMTMTGAMAGAGCACATGAMAGMATCGMATGAGM,0.58,program.py
CTMTGAMGAMTMTMACMCTCMGACMCMTGCGCGTCGMGCMAGMACMCTGAMTCGCMATMCGMGATCAGMCGMAGMATMATCATCGTCGMATCGMATGAGM,0.66,program.py
TMATCATCGTCGMCGMAGMATMATCATCGTCGMCGMAGMATMATGTGTGTAMTATMAGMACACGAGACMCTMTMACMGMCMGTGACTATCGMATCGACAT,0.56,program.py
CTGTGTCMTMGMTACMTMTGMCGMTMCMTMGTCATCMCMACACMTMGTGTCMTATMTAGACMGCMGMGAGACMCMGAGCMTMTGAGCATCGMATCGACAT,0.63,program.py
CTGMAMCATCTGMAGTCATCGTCGMCGMAGMATMATCATCGTCGMCGMAGMATMATCATCGTCGMCGMAGMATMATCATCGTCGMCGMATCGMATCMTMA,0.6,program.py
TMATCATCMCACMCMCGTCGAGATGTGACAMCMCGACTCACTMTGAMGAMTMTMACMCTCMGACMCMTCATCGCTMAMGATMATCTCATCGMATCGACAT,0.58,program.py
TACMAMTMAMCATCTGMAGTCATCGTCGMCGMAGMATMATCATCGTCGMCGMAGMATMATCATCGTCGMCGMAGMATMATCATCGTCGMATCGMATGAGM,0.58,program.py
TMATCATCGTCGMCGMAGMATMATCATCMGMCMCGACAGACTCTGTGATMATGACACATGAGCGAMTGAGACMACMTATMTATMTMGCGMATCGMACMCG,0.57,program.py
CTCATMCGMCGTGATCMCTCMCMTGTCMTATACACMAGMACACMTMGTGCGCMGACMGMCMCMTCATCMGATGTMACACMAGMACTGTCGMATCGMTGTC,0.64,program.py
CATGAGCGAMTGAGACGTCGAGCTGTGTCATCMCMACACMTMGTGTCMTATMTAGATMATGTAGAMTGAGCMTMAGAGACMGMCGTCGMATCGMATGAGM,0.57,program.py
CAGACTCTCATCMCGTGTGACTGMTACTGTGACACMTMGTCATCGCGMAGMACATGAGCACACGMCGMAMAGMGACGCMTCATGMCGTCGMATCGMTGTC,0.62,program.py
TMCMATACGMCATCTGMAGTCATCGTCGMCGMAGMATMATCATCGTCGMCGMAGMATMATCATCGTCGMCGMAGMATMATCATCGTCGMATCGMATGAGM,0.59,program.py
TMATCATCGTCGAMACMGACMCGACTGMTMTGAMAGAGCACATGAMAGAMCMTGCTGTCTGTAMTMTCMCMTCATCGCTGMCGMTATATCGMATCGACAT,0.56,program.py
CACMTMGMTMTMAGCACTCMTACMTMACMGATGTGACTCACAMCMCGACTCACTMTGAMGAGMGAGCTGTGMTMTGMCTMTMTACACMATCGMATCMTMA,0.59,program.py
CTGMAGTCMCMACACMTMGTGTCMTATMTAGACMGCMGAGAGMTGTATGCMTGTGATMCMATACGMCATMATCATCGTCGMCGMAGMATCGMATCGACAT,0.58,program.py
TMATCATCGTCGMCGMAGMATMATCATCGTCGMCGMAGMATMATCATCGTCGMCGMAGMACTCMTACMTMACMGATGTGACTCACAMCGMATCGMACMCG,0.61,program.py
CATGAMAGAMCMTGCTGCMCMCGACAMACTGACACMTATATMATCAGCGCTGMCGMTMGMTMCMTATACTGMAGTCMCTGAGMTGCGMATCGMATCMTMA,0.6,program.py
TMCGAGTGAGCACTGMAGCGMCGMTMGMTMCMTATACTGMAGTCMGMTGCMTGTCMTACGAGACMGMCMCTMTMACMGMCMGTGACTATCGMATCGACAT,0.64,program.py
CATACAMGAGATGTGATMCMAGTGMCACGMGATCAGMAMTCGTMAGMATMATCATCGTCGMCGMAGMATMATCATCGTCGMCGMAGMATCGMATCGACAT,0.57,program.py
TMATCATCGTCGMCGMAGMACAGACACATMATGCMGAGTGAMTCMCATGAMGAMAMTACGAGATCTMCGMGATCAGMCGMAGMATMATCGMATCGMTGTC,0.58,program.py
TMATCATCGTCGMCGMAGMATMATCATCGTCGMCGMAGMATMATCATCGTCGMCGMAGMATMATCATCMGMTGCMTGTCMTACGAGACGMATCGMACMCG,0.61,program.py
CTCACAMCMCGACTCACTMTGAMGAMTMTMACMCTCMGACMCMTGCGCGTCGMGCMAGMACTCTGTGACAMACACATMGTGCGCMGATCGMATCGMTGTC,0.65,program.py
CATGAGCACACGAGMTGCGTGTGMTMCMTAGTGTGATMCGAMACMGACMCGACTGMTMTGAMAGAGCACATGAMAGAMCMTGCTGCMCGMATCGMACMCG,0.63,program.py
CATGAGCGAMTGAGACMGMGMCTCGTCGAMAMTACGAGATGAMGAGCGAGACMCTMTMTACTGMTMCGMGCMTATACTGMTMTCMTAMATCGMATCMTMA,0.59,program.py
CAMACACMTMGTGTGCMGATGTMATMCMATACGMCATCTGMAGTCATCGTCGMCGMAGMATMATCATCGTCGMCGMAGMATMATCATCGMATCGMACMCG,0.6,program.py
TMATCATCGTCGMCGMAGMACTCGAMAGAGACMGAGAGTGAGCTGCMTGCGCMTAMTMAGAGMTGCGCMCMTCATCGCTGMCGMTATATCGMATCGACAT,0.61,program.py
CACMTMGMTMTMAGCACTGTGTMTGCGTGCMACTGACATGAGCGACTACATMTMACMGMGAGACGMGATCAGMAMTCGTMAGMATMATCGMATCGMTGTC,0.59,program.py
TMATCATCGTCGMCGMAGMATMATCATCGTCGMCGMAGMATMATCATCGTCGMCGMTMTMTMGCMGMCGTCGAMACMGACMCGACTGMATCGMATCMTMA,0.63,program.py
CACMTATMTMGTGTCMTATMTAGACMGCMGAGAGMTGTATGCMTGTGATMATGTMTGTAGMCGMTATGAMTGAGMTGCMACACMTATMATCGMATCMTMA,0.53,program.py
CAMCMCGACTCACTMTGAMGAMTMTMACMCTCMGACMCMTGCGCGCAGMAMTCGTMAGMATMATCATCGTCGMCGMAGMATMATCATCGMATCGMACMCG,0.64,program.py
TMATCATCGTCGMCGMAGMATMATCATCGTCGMCGMAGMATMATCATCMCGCMGACMGMCMGMCMCMTGTAGAMTCMTAMTMAGAGMTCGMATCGMTGTC,0.63,program.py
CTCTGTGATMATCTACGTCGAMAMTMTGAGCGAGAGMCTMTATMTMGCMGATGTCMTACGAGACMTAMTATMTACMTMGMTMTGMCTMATCGMATCMTMA,0.54,program.py
CACTGTGACTGMAGTCMGMACTCACACMTACACAGACAMGAMTGAMAMTGCTGTCACATGAMAMTMTGMCACMTMGAMACMGACMCGATCGMATCGACAT,0.57,program.py
CTGMTMTGAMAGAGCACATGAMAGAMCMTGCTGCMCMCGACAMACTGACACMTGCMATACGMCATMATCATCGTCGMCGMAGMATMATCGMATCGMTGTC,0.6,program.py
CAMTGTGACAMCMGATCAMCMCGACTCGAMATGTGACAMCMCMATMCGAGMGAMTGAMAGAMAGAGACMCTMTACGACTACATMTMACGMATCGMACMCG,0.6,program.py
CTCTGTGATMCMATACGMCATMATCATCGTCGMCGMAGMATMATCATCGTCGMCGMAGMATMATCATCGTCGMCGMAGMATMATCATCGMATCGMACMCG,0.59,program.py
TMATCATCGTCGAMATGCGTGTGACTGTGTMTGTAMTACMTATACMGCMCGTGTCMTATACACMAGMATAMTCATCMCGCMGACMGMCGMATCGMACMCG,0.58,program.py
CTCACACMTMGTGCMACMGCMCGTGTCMTATACACMATACGMCATCTGMAGTCATCGTCGMCGMAGMATMATCATCGTCGMCGMAGMATCGMATCGACAT,0.6,program.py
TMATCATCGTCGMCGMAGMATMATCATCMCGTGTCMTATACACMTGCTGCGCMCMTGTGCMCTGAGACMCTMTACGAMAMAGCACATGMATCGMATGAGM,0.59,program.py
CTCGAMATGTGACAMCMCMATMCGMCGTCATMAGCACAGTGTAMTMCMTMGTCAGMTMAGAGMTGCGCMCMTGAMGAMAMTMTGAGAMATCGMATCMTMA,0.6,program.py
CAMTGTGACAMCMGATCAGATMCMATACGMCATCTGMAGTCATCGTCGMCGMAGMATMATCATCGTCGMCGMTMTGAGCGAMAMTMTGMATCGMATGAGM,0.59,program.py
TAGTCGCMATMCGTCGMCGMAGMATMATCATCGTCGMCGMAGMATMATCATCGTCGMCGMTATMTMACMCACMGMGAGACGTCGACMCGMATCGMACMCG,0.65,program.py
CATGAGCGAMTGAGACMACMTATMTATMTMGCMGMCGTMATMAGACGMTMGMTMTGAGMTGCGCMCMTCATCMCMTGTAGAMAMTACMATCGMATCMTMA,0.59,program.py
CTCACACMAGMACTGMTMCGAGACGTCGAMTMTMACMCTCMGACMCMTCATCMCTACACATMATGCGMTMACMGATGCMACACMTATMATCGMATCMTMA,0.59,program.py
CAMCGTCGAGTGAMAMAGMATMTACATMTMCMTMGTGTCMTATMTAGATMTATMATGTAMTATMAGMATMTACACGAGACMCTMTMACGMATCGMACMCG,0.52,program.py
CTCACTMTCACTCATGMCGTCAGATCTGMAGTCGCMATMCGTCGMCGMAGMATMATCATCGTCGMCGMAGMACAGACACATMATGCGCGMATCGMACMCG,0.62,program.py
CACMTMGMTMTMAGCACAMCMCMTGTGACACGACTACAMACAMGAGAMTATATAGTCGCMATMCGTCGMCGMAGMATMATCATCGTCGMATCGMATGAGM,0.58,program.py
TMATCATCGTCGMCGMAGMATMATGTATGTAMTMTATMGTGTAMTACMTACGAMATGCMTGCMATMCGAGCGAGACMGAGAGACMCTCGMATCGMACMCG,0.57,program.py
TAMTGTATGTAMTMTATMGTGATACMTGATCTGMAMTCMTGATACMAMAGCGMAMTCGTMAGMATMATCATCGTCGMCGMAGMATMATCGMATCGMTGTC,0.52,program.py
TMATCATCGTCGMCGMAGMATMATCATCGTCGMCGMAGMATMATCATCGTCGMCGMAGMATMATGTCTGTATGCGCMTAMTMGTGTCMATCGMATCMTMA,0.57,program.py
CAMTGTGATAMTGCGCMCMTGTATGTGTCAMCMTAMTGCTGTCTGTATGTCMTATACTCTGAMGACTATMGTGAMGACTACAMCMCGATCGMATCGACAT,0.52,program.py
CAMTGTGACMGCMTAMAGCGMAMTCGTMAGMATMATCATCGTCGMCGMAGMATMATCATCGTCGMCGMAGMATMATCATCGTCGMCGMATCGMATCMTMA,0.6,program.py
TMATCATCGTCGMCGMAGMATMATCATCGTCGAGCMTMTGAMTCMCATGAMGAGCACATGAGCMTMTGMGCMTATACTMTGCGCGTAGMATCGMATGAGM,0.58,program.py
CMGCMCMGAGACMGATGTGTGCGTGTCMTMGACACMAGTCGTMTCAMCMCMCMTAMTMAMTMGCMCMACACMAGCACATACAMGACTATCGMATCGACAT,0.62,program.py
CAMCMCGACAMTGTGATMGMATACGMCATMATCATCGTCGMCGMAGMATMATCATCGTCGMCGMAGMATMATCATCGTCGMCGMAGMATCGMATCGACAT,0.59,program.py
TMATCATCGTCGMCGMAGMATMATCATCGTCGAGCMTATACACTCTACMCMCGTCACMACMGACMCGACTGMTMTGAMAGAGCACATGMATCGMATGAGM,0.58,program.py
CTCACTMTCATCMTCACAMGAMTCMCGACTGMTMCMTMGCMCTMAGMACATGAGCGAGAMTMGCGTCGAGACMCTMTMAMTMGCMCMATCGMATCGACAT,0.62,program.py
CAGACAMCMCMGMCGMTATACTGACATACATACACMTATACTCTGTGTGCMTGTATCATGMCGTCAGATCTGMAGTCGCMATMCGTCGMATCGMATGAGM,0.55,program.py
TMATCATCGTCGMCGMAGMATMATCATCMGMCMCMTGCMACTGACTCACAMCGTCGAGMCMCGACTCTGTGACMGCMGMGAGACMCMGMATCGMATGAGM,0.66,program.py
CAMTGTGACAMCMGATGCGCGMGATCAGMAMTCGTMAGMATMATCATCGTCGAGATGTGACACATMATGTGMTMTGAGMGAGCTGTGMATCGMATCMTMA,0.56,program.py
CACMAGTCMGMGAGACMCTCMCMCGTATCATCMCGTGTCMTATACACMTGCTGCGCMCMTGTGCMCTGAGACMCTMTACGAMAMAMCATCGMATCGACAT,0.62,program.py
TMATGTATGTMTGCGCMGATCAMATMATGCGMTMACMGATGCMACACMTATMTMGTCTMCGTCGAMAMTACGAMAGMCGMAMGATMATCGMATCGMTGTC,0.57,program.py
TMAGAGMCMCACMCTMTMACMGMCMGTGMCGTCAMATMATGCMGAGTGAMTCMCATGTAMTACMTACGACTACTCTGCMACACGMGTMATCGMATCMTMA,0.6,program.py
TMATGTCACAMGAGCTGTATCATCGCTGMCGMTGATGCGTGCMTGTGATMCMAGMATMGATAMCGTCGAGCGAGTGAMAMTACGMGTMATCGMATCMTMA,0.57,program.py
TCTGMAGTCATCGTCGMCGMAGMATMATCATCGTCGMCGMTMTCMCACMCMGAGTGAMTCMCGACAMACMGCMGMGAGACMCMGAGCMATCGMATCMTMA,0.66,program.py
CACMTMGTGCMACTCTCATCGCTGMCGMTGTACMGATCTGMAGTCGCMATMCGTCGMCGMAGMATMATCATCGTCGMCGMAGMACATMATCGMATCMTMA,0.62,program.py
CATGAMAMTMTGACTACTCTGTGACACTGTACMCMTGTAGAMTCMGMGMCGMAMGATMATGCMACTCMTMTCMCTGMCATGTCACATGMATCGMATGAGM,0.57,program.py
CTCTGTGACMGCMGMGAGACMCMGAGCMTMTGAGCACTGMTATATMCMAGMACAGACACATMATGCGCMCMTGTATGTGTCAMCMCTMATCGMATCMTMA,0.6,program.py
CACMTMTGAGATGAMGAGCMTMGCMCTMTMCMTACGAGCTGCGTCATCMCMTGTATGCGCMCMTCATCMCGTGTCMTATACACMTGCTCGMATCGMTGTC,0.62,program.py
CTCTGTGACACTGTACMCMTGTAGAMTCMGMGMAMTCGTMATACGMCATMATCATCGTCGMCGMAGMATMATCATCGTCGAGAGAGCTCGMATCGMTGTC,0.58,program.py
CTCATMATGCGCMCMTGTGCMTAMTMCMTMGTGTGMTMTGAMCGMCTCGTCGAGMCMCGACTCTGTGACMGCMGMGAGACMCMGAGCMATCGMATCMTMA,0.67,program.py
CACMTMGTGCMATMATGTMTGTAGMCGMTMTGAGCACTGACAMTGTGACTCACATGAMTCMCMTCAGMTMAGAGMTGCGCMCMTGAMGMATCGMATGAGM,0.6,program.py
CTCTGTGACACTGTACMCMTGTAGAMTCMGMGMCACGCAGMAMTCGTMAGMATMATCATCGTCGMCGMAGMATMATCATCGTCGMCGMATCGMATCMTMA,0.6,program.py
TMATCATCMGMACTCACACMTACACAGACAMGAMTGAMAMTGCTGTCACATGAMAMTMTGMCTCGTCGAMACMGACMCGACTGMTMTGMATCGMATGAGM,0.57,program.py
CTCACAMCMCGACTCACTMTGAMGAMTMTMACMCTCMGACMCMTGCGCGTCGMGCMAGMACTCTGTGACAMACACATMGTGCMCMCACGMATCGMACMCG,0.67,program.py
CTCACTGMTACMTMACMCTCMTAMTMAGAGMTGCGCMCMTCAMATMATGAGCMTACGMGATCAGMAMTCGTMAGMATMATCATCGTCGMATCGMATGAGM,0.58,program.py
TMATCATCGTCGMCGMAGMATMATCATCGTCGAGAGAGCTGCGTCATCMCGTGTCMTATACACMAGMACAGACAMCGTCGAGMCMCGATCGMATCGACAT,0.58,program.py
CTCTGTGACMGCMGMGAGACMCMGAGCMTMTGAGCACTGMAMCATCTGMAGTCATCGTCGMCGMAGMATMATCATCGTCGMCGMAGMATCGMATCGACAT,0.63,program.py
TMATCATCGTCGMCGMAGMATMATCATCMGMTGCMTGTCMTACGAGACMGMCMCTMTMACMGMCMGTGACTACTGTGTCMTMGMTACMATCGMATCMTMA,0.61,program.py
CACMTATATMGTGTCMTATCMGMACACMTMGTGTGMAGTCMGMGAGACMCTCMCMCGTAGAMAGAGCTGCMACATGAMTCMCMTGAMGMATCGMATGAGM,0.61,program.py
CTCACTGACAMACACMAGCACACTGTGACTGMAGTCMGMACTCACACMTACACAGACAMGAMTGAMAMTGCTGTCACATGAMAMTMTGMATCGMATGAGM,0.55,program.py
TMCMAGCACAGACAMCMCMACACMTAGMAGTCMCGTGTCMTATACACMAGTGMCACGMGATCAGMCGMAGMATMATCATCGTCGMCGMATCGMATCMTMA,0.61,program.py
TMATCATCGTCGMCGMAGMATMATCATCGTCGMCGMAGMACTCGAMAGAGACMGAGAGTGAGCTGCMTGCGCMTAMTMAGAGMTGCGCGMATCGMACMCG,0.64,program.py
CACMAGMATAMTCATCMCGTGTCMTATACACMATACGMCATCTGMAGTCATCGTCGMCGMAGMATMATCATCGTCGMCGMAGMATMATCGMATCGMTGTC,0.57,program.py
TMATCATCMCACMCMCGTCGAMTACAGACTGMTMCGAGCTGCMTGCMACMGCMGMGAMTCMCMATAGTCGCMATMCGTCGMCGMAGMATCGMATCGACAT,0.65,program.py
CTMTGAMGAMTMTMACMCTCMGACMCMTGCGCGTCGMGCMAGMACTCTGTGACAMACACATMGTGTGMTMTGACTACTCTGCMACATGMATCGMATGAGM,0.61,program.py
CAMCMCMACATGAMAGAGATGTMTGCAGAGACGTMACTCMTACMTMACMGATGTGACTCACAMCMCGACTCACTMTGAMGAMTMTMACGMATCGMACMCG,0.59,program.py
CAMACTGACACMTATATMCMATACGMCATCTGMAGTCATCGTCGMCGMAGMATMATCATCGTCGMCGMAGMATMATCATCGTCGAMACGMATCGMACMCG,0.58,program.py
CTGACATGAMTCMCMTGCGTGTAGAGMTGCGTGCACMTAMTMAMTMGCMCMACACMAGCGMCGMTMTCMCACMCMGAGTGAMTCMCGATCGMATCGACAT,0.64,program.py
CAMACMGCMGMGAGACMCMGAGCMTMTGAGCACTGMAGMATAMTCATCGTCATMAGMCTCGTCGACAMTGCMATACGMCATCTGMAGTCGMATCGMTGTC,0.62,program.py
TMATCATCGTCGMCGMAGMATMATCATCGTCGMCGMAGMATMATCATCMCMCMCTACTCATMATGCGACTGACATGAMTCMCMTGCGTCGMATCGMTGTC,0.59,program.py
CAMCMCGACTCACTMTGAMGAMTMTMACMCTCMGACMCMTCATCMCACMCTMAGMACTCMTACMTMACMGATGTGACTCACAMCMCGATCGMATCGACAT,0.61,program.py
CTCACTMTGAMGAMTMTMACMCTCMGACMCMTGCGCGCAGMAMTCGTMAGMATMATCATCGTCGMCGMAGMATMATCATCGTCGMCGMATCGMATCMTMA,0.62,program.py
TMATCATCGTCGMCGMAGMATMATGCGACTGACATGAMTCMCMTGCGTGTAGAGMTGCGTGCACMTAMTMAMTMGCMCMACACMAGMATCGMATCGACAT,0.59,program.py
TMCTCTACGTCGAMAMTACGAMAGMCATGCGACTGACATGAMTCMCMTGCGTGTAGAGMTGCGTGCACMTAMTACACATGAGCGAMTGMATCGMATGAGM,0.57,program.py
CACMAGTGMAMTCGTMATACGMCATMATCATCGTCGMCGMAGMATMATCATCGTCGMCGMAGMATMATCATCGTCGMCGMAGMATMATCGMATCGMTGTC,0.59,program.py
CAGACACATMATGCGACTGACATGAMTCMCMTGCGTGTAGAGMTGCGTGCACMTAMTMAMTMGCMCMACACMAGMACAGACAMCGTCGMATCGMATGAGM,0.6,program.py
CTCTGTGACAMACACATMGTGCGACTGACATGAMTCMCMTGCGTGTAGAGMTGCGTGCACMTAMTMAMTMGCMCMACACMAGCACTGTCGMATCGMTGTC,0.6,program.py
CATGAGCGAMTGAGACMGMGMCATCAGATAGTCGCMATMCGTCGMCGMAGMATMATCATCGTCGMCGMAGMATMATCATCGTCGMCGMATCGMATCMTMA,0.61,program.py
TMATCATCGTCGMCGMAGMATMATCATCGTCGAGATGTGACAMCMCGACTCACTMTGAMGAMTMTMACMCTCMGACMCMTCATCGCTGMATCGMATGAGM,0.59,program.py
TMATGTATGTMTGCGCMGATCAGMTATACACMTMGMTMTMAGCACTCMTACMTMACMGATGTGACTCACAMCMCGACTCACTMTGAMGMATCGMATGAGM,0.56,program.py
CATACAMGAGATGTGATMGTGTMGAGACMGTGAMAMAGTCGTMTCAGACMCTGTATGTMTGCGCMGATCAGMTATACACMTMGMTMTMATCGMATCMTMA,0.54,program.py
TMGTGCGACTGACATGAMTCMCMTGCGTGTAGAGMTGCGTGCACMTAMTMAMTMGCMCMACACMAGCACTGTGTCMTMGMTACMTMTGMATCGMATGAGM,0.61,program.py
CTCTCAGMAGTGMCACGTAGAGTGAGCACACGAGACMGTCGTMACTCMTACMTMACMGATGTGACTCACAMCMCGACTCACTMTGAMGMATCGMATGAGM,0.59,program.py
CATACAMGAGATGTGATMCMTGCMATACGMCATCTGMAGTCATCGTCGMCGMAGMATMATCATCGTCGMCGMAGMATMATCATCGTCGMATCGMATGAGM,0.57,program.py
TMATCATCGTCGMCGMAGMATMATCATCGTCGAGTGAGAGMCGMTATCMCGACTGMTACGAGACMGMCMCTMAGMATAMTCTACGTCGMATCGMATGAGM,0.59,program.py
TMAGAGMCMCACMCTMTMACMGMCMGTGMCGTCTMCGMGATCAGMCGMAGMATMATCATCGTCGMCGMAGMATMATCATCGTCGMCGMATCGMATCMTMA,0.65,program.py
TMATCATCGTCGMCGMAGMATMATCATCGTCGMCGMAGMATMATCATCGTCGAGATGTMTGTGCMCACMGATGTCMTMGMTGCTGCGCGMATCGMACMCG,0.62,program.py
CACMTMTACAMTGTGACAMCMGATCAMCMCGACTCGAMATGTGACAMCMCMATMCGAGMCMCACMCTMAGTCMCMACACMTMGTGTCMATCGMATCMTMA,0.62,program.py
CTCACTMTGAMGAMTMTMACMCTCMGACMCMTCAGACMCTCTCATAGTGAMTCAMCMGTMTMTMTMCMTMGMTMGMAGTCGCATCAGATCGMATCGACAT,0.59,program.py
TMCMATACGMCATMATCATCGTCGMCGMAGMATMATCATCGTCGMCGMAGMATMATCATCGTCGMCGMAGMATMATCATCGTCGMCGMATCGMATCMTMA,0.59,program.py
TMATGTGACAMACAGACACATMATGCGMTMACMGATGCMACACMTATMTMGTCATCGCTGMGCMAGMATMAGAGATGTGACAMCMCGATCGMATCGACAT,0.55,program.py
CTCACTMTCATMAMCATCTGMAGTCATCGTCGMCGMAGMATMATCATCGTCGMCGMAGMATMATCATCGTCGMCGMAGMATMATCATCGMATCGMACMCG,0.59,program.py
TMATCATCGTCGMCGMAGMATMATCATCGTCGAGATGTMTGTGCMCACMGATGTCMTMGMTGCTGCGCMCMTGTGCMCTGAGACMCTMATCGMATCMTMA,0.61,program.py
CTGMAGCACATGAMATGCGMTMTGAGCACACGMCATGTGMTMTGAGCACATGAMAGAMCMTGCTGCMCMCGACAMACTGACACMAGTGMATCGMATGAGM,0.6,program.py
CACMTMGMTATACACMAMCATCTGMAGTCATCGTCGMCGMAGMATMATCATCGTCGMCGMAGMATMATCATCGTCGMCGMAGMATMATCGMATCGMTGTC,0.59,program.py
TMATCATCGTCGMCGMAGMATMATCATCGTCGMCGMTATMTMACMCACMGMGAGACGTCGACMCMCGACAMACTGACACMTCMTGCGTCGMATCGMTGTC,0.63,program.py
CTCACAMGAMAGMCATCATMTGMACAMACACMTMACMGMGAGACGTCGAGACMCTMTATACTGACTCACACMAGMACTGMTMCGAGACGMATCGMACMCG,0.6,program.py
TMATGCMCMCGACAMACTGACACMAGMACAMGAGAGMCGMTATCMCGACTGMTACGAGACMGMCMCTMAGMACAGACTCTCATCGTGCGMATCGMACMCG,0.64,program.py
CATMTMCMTMGTGTCMTATMTAGATMTATMATGTAMTATMAGMATMTACACGAGACMCTMTMACMGMCMGTGMCMGMCGATMAGMCACGMATCGMACMCG,0.58,program.py
TCTGMAGTCGCMATMCGTCGMCGMAGMATMATCATCGTCGMCGMAGMATMATCATCGTCGMCGMAGMATMATCATCGTCGMCGMAGMATCGMATCGACAT,0.61,program.py
TMATCATCMGMTGCMTGTCMTACGAGACMGMCMCTMTMACMGMCMGTGACTACATACAMGAGATGTGATMATCTACGTCGMCGTCATMATCGMATCMTMA,0.57,program.py
TCTGMAGTCGCMATMCGTCGMCGMAGMATMATCATCGTCGMCGMAGMATMATCATCGTCGMCGMAGMATMATCATCGTCGAGACMCTCGMATCGMACMCG,0.63,program.py
CTCTGTGATAGTCGCMATMCGTCGMCGMAGMATMATCATCGTCGMCGMAGMATMATCATCGTCGMCGMAGMATMATCATCGTCGMCGMATCGMATCMTMA,0.6,program.py
TMATCATCGTCGAGTGAGAGMCGMTMGMTMTGAGCATMCGAMACMGACMCGACTGMTMTGAMAGAGCACATGAMAGAMCMTGCTGTCTCGMATCGMTGTC,0.6,program.py
CAMGAGATGTGATMCMAGMATAMTCTACGTCGAMAMTMTGAGCGAGAGMCTMTATGAMTGAGMTGCMACACMTATMTMGTGTCMTATMATCGMATCMTMA,0.53,program.py
CTMTGAMGAGMGAGCTGTGMTMTGACTACAMACACMTMGTGTGCMGATGTMATAGTCGCMATMCGTCGMCGMAGMATMATCATCGTCGMATCGMATGAGM,0.59,program.py
TMATCATCGTCGMCGMAGMATMATCATCGTCGMCGMAGMATMATCATCGTCGMCGMAGMATMATCATCGTCGAGATGTMTGTGCMCACGMATCGMACMCG,0.6,program.py
CTGMTMACMCTCMTAMTATACACMTMTACAMTGTGACAMCMGATCAMCMCGACTCGAMATGTGACAMCMCMATMCGATAGAGCTGTAGMATCGMATGAGM,0.56,program.py
CACMAGTGMAMTCGTMAGMATMATCATCGTCGMCGMAGMATMATCATCGTCGMCGMAGMATMATCATCGTCGMCGMAGMATMATCATCGMATCGMACMCG,0.6,program.py
TAMTCATCGTCATMAGMAMTCGTMATACGMCATMATCATCGTCGMCGMAGMATMATCATCGTCGMCGMAGMATMATCATCMCMACAGATCGMATCGACAT,0.54,program.py
CACTGTMTGCMACATGAGCGACTACTCTGTGACACTGTACMCMTGTAGAMTCMGMGMCTMTMACMGMACTCGAGACMCTMTMTCGTMATCGMATCGACAT,0.58,program.py
CACGAGTGAGAMTMCMTACGAGMTGTATGAMGAMAMTMTGAGAMTMGACACMTMGTGCMATMCMATACGMCATCTGMAGTCATCGTCGMATCGMATGAGM,0.57,program.py
TMATCATCGTCGMCGMAGMATMATGTMTGTGTCATCMGMGAGACMCTCMCMCGTAGAGCACACMTMTGAGATGAMGAGCGAGCTGTGCGMATCGMACMCG,0.62,program.py
CTCTCTMCGMGATCAGMCGMAGMATMATCATCGTCGMCGMAGMATMATCATCGTCGMCGMAGMACAMACAMGAGAMAGCACAMGAMTGMATCGMATGAGM,0.61,program.py
CTGMTATCMGACMGATCAGMTMGMTMTGAMTMTMTGAGCGMGCMTMGMTMGCMCMGMCTMTGMGACMTGMAMTCGCMACMTGMGACGCGMATCGMACMCG,0.7,program.py
TMGMATACGMCATMATCATCGTCGMCGMAGMATMATCATCGTCGMCGMAGMATMATCATCGTCGMCGMAGMATMATCATCGTCGMCGMATCGMATCMTMA,0.59,program.py
TMATCATCGTCGMCGMTMAMTMGMTATACMGCMCTMTMACMCTGAGACGCTGAMAMTMTGAGCGAGAGMCTMTGCTGAMGAGMGAGCGMATCGMATGAGM,0.62,program.py
CATGAMAMTATACMGCMTAMAGCACMGCMTAMTMGTGTCMTMGACACMTGCTGAMGMCTCGMGATCAGMCGMAGMATMATCATCGTCGMATCGMATGAGM,0.6,program.py
TMATCATCGTCGMCGMAGMATMATCATCGTCGMCGMAGMATMATCATCGTCGMCGMAGMATMATCATCGTCGAGCMTMTGAMTCMCATCGMATCGMTGTC,0.59,program.py
CMGCMCTMTMACMCTGAGACGCTGAMAMTAGACTCTCAMCMTAMTMTACACMTACGAGAGAMAGAGMTGTACMCMTCAGMAGTGMCTMATCGMATCMTMA,0.58,program.py
CACACMGCMCGCMCTACACGAGACGTAGAGMGAGCTGAMGAGCACATGAGCMTMTGMCTCGMGATCAGMCGMAGMATMATCATCGTCGMATCGMATGAGM,0.63,program.py
TMATCATCGTCGMCGMAGMATMATCATCGTCGMCGMAGMATMATCATCGTCGMCGMAGMATMATCATCGTCGAGCMTATACACTCTACGMATCGMACMCG,0.58,program.py
CACATMAGACGACTGACATGAMTCMCMTGCGTGTAGAGMTGCGTGCACGTCGACGTGTAMTACGAGMTGCMACAGACAMGAGCATMATCGMATCGMTGTC,0.58,program.py
CATGAGCGAGAMTMGCGTCGAGATGTGACATACAMGAGATGTMTGTAGAGAMAGMACTCTGCMTGTCTGTCTGTGACTCTGCGCMCMCGMATCGMACMCG,0.59,program.py
CTGACAMATMACGTCATMCMATACGMCATCTGMAGTCATCGTCGMCGMAGMATMATCATCGTCGMCGMTATMTMTGAMTCMGACMGMCGMATCGMACMCG,0.61,program.py
CAMCGTCGAGATGTMTGTGCMCACMGATGTCMTMGMTGCTGCGCMCMTGTGCMCTGAGACMCTMTACGAMAMATACGMCATCTGMAGTCGMATCGMTGTC,0.63,program.py
TMATCATCGTCGMCGMTCGMTATACTGMTMACMGATGTMTGTCTGTACMCMTGCMACAGMTMGCMCMATCTGMAGTCATCGTCGMCGMATCGMATCMTMA,0.6,program.py
TMATGTGMTMTGAGAGMCGMTATACTGMTMACMCTMTMTCMCGACTCACACGAGTGAMCACACMAGTCMGMTGCMTGTCMTACGAGACGMATCGMACMCG,0.61,program.py
CTCACAMCMCGACTCACTMTGAMGAMAMTMTGAGAMTMGACACMTMGTGCMATAGTCATCMCTCMCACMGMGAMTCGTATCATCMGMGMATCGMATGAGM,0.6,program.py
CTGMTMTCMTAMTMGMTMTGAGCACACTGCMACAGMAMCATMATGTMTGTAGAMTCGTMTCATCGTACGCTMAGMACAMACAGACTCTCGMATCGMTGTC,0.56,program.py
CTGMAMCATCTGMAGTCATCGTCGMCGMAGMATMATCATCGTCGMCGMTATGAMTGAGMTGCMACACMTATMTMGTGTCMTATMTAGATCGMATCGACAT,0.55,program.py
CMGCMCTCMCMTGTAGAGAMTACGAGTCGTCGMGCMAGMACAMCMGMATMGTGTCACATGAMAMTMTGACTACTCACACMTATCMGMCGMATCGMACMCG,0.63,program.py
TMCGAGCGAGACMCTMAGTCMGMTGCMTGTCMTACGAGACMGMCMCTMTMACMGMCMGTGACTACTCTGTGACACTGTACMCMTGTAGMATCGMATGAGM,0.63,program.py
CTGMAGTGMCTCGTCGAGMCMCGACTCTGTGATAMTCTGMAGTGMCTMTAGTGTGTGTMTGTATGTATCAGMAMTCGTMTCGCMATMCGMATCGMACMCG,0.59,program.py
TMATCATCGTCGMCGMAGMATMATCATCGTCGAMATGTCMTMTCMTAMTMGMTMTGAGCACACTGCMACAGMAGMATAMTCATCMGMGMATCGMATGAGM,0.57,program.py
CTGMTMTCMTAMTMGMTMTGAGCACACTGCMACAGMAGMATMGATMATGTATGTGACAMCGTMACTCMTACMTMACMGATGTGACTCATCGMATCGACAT,0.54,program.py
CAMCMCGACTCACTMTGAMGAMAMTMTGAGAMTMGACACMTMGTGCMATMCMAGMATMGATMATGTATGTGACAMCGTMACTCMTACMATCGMATCMTMA,0.56,program.py
CATGAMTCMCMTGCGTGTAGAGMTGCGTGCACMTAMTMGMTMTGAGCACACTGCMACAGMAGTGMAMTCGTMATACGMCATMATCATCGMATCGMACMCG,0.6,program.py
TMATCATCGTCGMCGMAGMATMATGTMTGTGTCATCMGMACATGAGATGAMGAGCGAGACMCTMTMTACTGMTMCGMCGMAMGMAGMATCGMATCGACAT,0.58,program.py
TATCGCAGMAMTCGTMAGMATMATCATCGTCGMCGMAGMATMATCATCGTCGMCGMAGMATMATGCGTGTCMTMCMTATACACMAGMATCGMATCGACAT,0.56,program.py
CMTMTMACMCTCMGACMCMTGMTGAMAGAMAGAGCTGCGTCAGMTMTMAGMCMTCGAGCGAGACMCGACTCTGTGATMATGTGACAMCGMATCGMACMCG,0.64,program.py
CTCTGCMTGCGTGTGATMATGCMACAGMTMTGMCGMTACACATGAGCGAMTGAGACGTCGAGCTGTGTCATCMGMGAMTCMCMACMGCGMATCGMACMCG,0.64,program.py
CAMACACMTMGTGTGCMGATGTMATAGTCATCMGTACTCTGCMACACGACTACAMACACMTMGTGTGCMGATGTMACTACGTCGMCGTCGMATCGMTGTC,0.58,program.py
TMATCATCGTCGMCGMAGMATMATCATCGTCGMCGMTMTMAGMCMCACMGMGMCGMTMTACTCACACMTMACMGATGTGACTCATMATCGMATCGMTGTC,0.61,program.py
CTGMTMCGAGMTGTAGMCGMTMGCMGMCGTCGAGACMGMTGCMTGTCMTMGMAGMACTGMTMGCGTCGAMTCMCATGTGATMATGCGCGMATCGMACMCG,0.69,program.py
CTGACAMTCATCMCTACACATMATCATMATACGMCATMATCATCGTCGMCGMAGMATMATCATCGTCGMCGMAGMATMATCATCGTCGMATCGMATGAGM,0.54,program.py
TMATCATCGTCGMCGMAGMATMATCATCGTCGMCGMAGMATMATCATCGTCGMCGMAGMATMATGTGTCATMTMGMTMTGAGCATMCGMATCGMATGAGM,0.58,program.py
CTCMTACMTMACMGATGTGACTCACAMCMCGACTCACTMTGAMGAMAMTMTGAGAMTMGACACMTMGTGCMATMCMAMCATMATGCAMATCGMATCMTMA,0.57,program.py
CAMACACMTMGTCAGMTATGAMTGAGMTGCMACACMTATMTMGTGTCMTATMTAGACMGCMGMGAGACMCMGAGCMTMTGAGCACTGMATCGMATCMTMA,0.59,program.py
TMCMTAMTCATCMCGACAMCMCMATMATCATMATACGMCATMATCATCGTCGMCGMAGMATMATCATCGTCGMCGMAGMATMATCATCGMATCGMACMCG,0.58,program.py
TMATCATCGTCGMCGMAGMATMATCATCGTCGMCGMAGMATMATCATCGTCGMCGMAGMATMATCATCMCMCGTCACAMACACMTMGTCGMATCGMTGTC,0.6,program.py
TMCGAMACMGACMCGACTGMTMTGAMAGAGCACATGAMAGAMCMTGCTGTATGTGACAMCMCMGAMTCMCATCAGATAGTCATCMGTATCGMATCGACAT,0.56,program.py
CAMACACMTMGTCAGMTATGAMTGAGMTGCMACACMTATMTMGTGTCMTATMTAGACMGCMCTCMCMTGTAGAGAMTACGAGTCGTMTCGMATCGMTGTC,0.57,program.py
CTACGTCMAGMCGTMTCGCMATMCGMGATCAGMCGMAGMATMATCATCGTCGMCGMAGMATMATGCGCMGATGTGMTGCTGCGCMCMTCGMATCGMTGTC,0.66,program.py
CACTGTACMCMTGTAGAMTCGTCGMGCMAGMACTCMTACMTMACMGATGTGACTCACAMCMCGACTCACTMTGAMGAMAMTMTGAGAMATCGMATCMTMA,0.58,program.py
CAMTGTGACAMCMGATCATCGTMGMCGMTGTATATCMTACGTCGMCAGMCGMTATCMCGACACGACTACAMACACMTMGTGTGCMGATCGMATCGMTGTC,0.6,program.py
CAGMAGMATMCTCATCMCTCMCACMGMGAMTCGTMACAMTGTCMTATCGTMACAGACAMCMGATCAMATMATGCGACTGACATGAMTCGMATCGMACMCG,0.59,program.py
CACMTATMTMGTGTCMTATMTAGACMGCMCTCMCMTGTAGAGAMTACGAGTCGTMTCAGATCTGMAGTCGCMATMCGTCGMCGMAGMATCGMATCGACAT,0.58,program.py
TMATCATCGTCGMCGMAGMACTCACACMTACGAMTGAMAGAGCATMATGCGCMGATGTGMTGCTGCGCMCMTGTGCMCTGAGACMCTMATCGMATCMTMA,0.61,program.py
CTGMATACGMCATCTGMAGTCATCGTCGMCGMAGMACGMACTCTGCMACATGAMTCMCACMCGCMCTGAGACMGATGTMACAMGAGATCGMATCGMTGTC,0.62,program.py
TCTGMAGTCATCGTCGMCGMAGMACACGAGACMCMCGTCGAGATGTGACMGCMGMGAMTCMCGACAMCMCMACATGAMAGAGATGTMTCGMATCGMTGTC,0.64,program.py
CTMCMCMTCAGMTATACTGMTMTCMTAMTATACACMTMTACAMTGTGACAMCMGATCTMCGTCGAGCGAGTGAMAMTACGMCACGTCGMATCGMATGAGM,0.57,program.py
TMGATAMCGTCGAGCGAGTGAMAMTACGMGTMATACGMCATMATCATCGTCGMCGMAGMATMATCATCGTCGAMACMGACMCGACTGMATCGMATCMTMA,0.58,program.py
CACMTATMTMGTGTCMTATMTAGACMGCMCTCMCMTGTAGAGAMTACGAGTCGTCGMGCMAGMACAGACAMCMGATCAGMAGMCGTCATCGMATCGACAT,0.59,program.py
TMGTGTMCMCTACAGACAMCGTMACAMTGTCMTATCGTMACTCTGCMACTCATMGMAGMACTCTGCMACACGACTACTCTGTGACACTCGMATCGMTGTC,0.57,program.py
CAMTGTGACAMCMGATGAGCGTACGCMATAGTGAMTCAGATMCMAGCGMCGMAMTCGTMTCGCMATMCGMGATCAGMCGMAGMATMATCGMATCGMTGTC,0.62,program.py
CTGMTGTATAGTGCGACTGACATGAMTCMCMTGCGTGTAGAGMTGCGTGCACMTAMTMGMTMTGAGCACACTGCMACAGMTGCMATACGMATCGMACMCG,0.6,program.py
TCAGMATCGMATCGMATCGMATCGMATCGMATCGMATCGMATCGMATCGMATCGMATCGMATCGMATCGMATCGMATCGMATCGMATCGMATCGMATCMA,0.59,program.py
